id;author;text;referense
1;Berkshire Digitized;protocol;Extension
2;logistical Unbranded;Streamlined;Implementation
3;haptic;Tasty Metal Chicken;Practical Frozen Pants back up Security
4;Generic Bedfordshire Legacy;Ergonomic South Dakota quantifying;Table optical
5;redundant;Intelligent Infrastructure Home;leverage wireless Central
6;Cuba Manat;Director;out-of-the-box Buckinghamshire even-keeled
7;Human integrate;Coordinator Organized back-end;Universal Future Croatian Kuna
8;input;XML;Saint Vincent and the Grenadines Concrete generating
9;Tasty;open architecture Handcrafted Plastic Chips;Portugal deposit
10;Panama Ball;Plastic Kansas;Berkshire Cambridgeshire
